-- MySQL dump 10.13  Distrib 8.0.41, for Win64 (x86_64)
--
-- Host: localhost    Database: eccomerceDb
-- ------------------------------------------------------
-- Server version	8.0.41

/*!40101 SET @OLD_CHARACTER_SET_CLIENT=@@CHARACTER_SET_CLIENT */;
/*!40101 SET @OLD_CHARACTER_SET_RESULTS=@@CHARACTER_SET_RESULTS */;
/*!40101 SET @OLD_COLLATION_CONNECTION=@@COLLATION_CONNECTION */;
/*!50503 SET NAMES utf8mb4 */;
/*!40103 SET @OLD_TIME_ZONE=@@TIME_ZONE */;
/*!40103 SET TIME_ZONE='+00:00' */;
/*!40014 SET @OLD_UNIQUE_CHECKS=@@UNIQUE_CHECKS, UNIQUE_CHECKS=0 */;
/*!40014 SET @OLD_FOREIGN_KEY_CHECKS=@@FOREIGN_KEY_CHECKS, FOREIGN_KEY_CHECKS=0 */;
/*!40101 SET @OLD_SQL_MODE=@@SQL_MODE, SQL_MODE='NO_AUTO_VALUE_ON_ZERO' */;
/*!40111 SET @OLD_SQL_NOTES=@@SQL_NOTES, SQL_NOTES=0 */;

--
-- Table structure for table `attribute_category`
--

DROP TABLE IF EXISTS `attribute_category`;
/*!40101 SET @saved_cs_client     = @@character_set_client */;
/*!50503 SET character_set_client = utf8mb4 */;
CREATE TABLE `attribute_category` (
  `attribute_category_id` int NOT NULL AUTO_INCREMENT,
  `name` varchar(255) NOT NULL,
  PRIMARY KEY (`attribute_category_id`)
) ENGINE=InnoDB AUTO_INCREMENT=3 DEFAULT CHARSET=utf8mb4 COLLATE=utf8mb4_0900_ai_ci;
/*!40101 SET character_set_client = @saved_cs_client */;

--
-- Dumping data for table `attribute_category`
--

LOCK TABLES `attribute_category` WRITE;
/*!40000 ALTER TABLE `attribute_category` DISABLE KEYS */;
INSERT INTO `attribute_category` VALUES (1,'Physical'),(2,'Technical');
/*!40000 ALTER TABLE `attribute_category` ENABLE KEYS */;
UNLOCK TABLES;

--
-- Table structure for table `attribute_type`
--

DROP TABLE IF EXISTS `attribute_type`;
/*!40101 SET @saved_cs_client     = @@character_set_client */;
/*!50503 SET character_set_client = utf8mb4 */;
CREATE TABLE `attribute_type` (
  `attribute_type_id` int NOT NULL AUTO_INCREMENT,
  `type_name` varchar(255) NOT NULL,
  PRIMARY KEY (`attribute_type_id`)
) ENGINE=InnoDB AUTO_INCREMENT=4 DEFAULT CHARSET=utf8mb4 COLLATE=utf8mb4_0900_ai_ci;
/*!40101 SET character_set_client = @saved_cs_client */;

--
-- Dumping data for table `attribute_type`
--

LOCK TABLES `attribute_type` WRITE;
/*!40000 ALTER TABLE `attribute_type` DISABLE KEYS */;
INSERT INTO `attribute_type` VALUES (1,'Text'),(2,'Number'),(3,'Boolean');
/*!40000 ALTER TABLE `attribute_type` ENABLE KEYS */;
UNLOCK TABLES;

--
-- Table structure for table `brand`
--

DROP TABLE IF EXISTS `brand`;
/*!40101 SET @saved_cs_client     = @@character_set_client */;
/*!50503 SET character_set_client = utf8mb4 */;
CREATE TABLE `brand` (
  `brand_id` int NOT NULL AUTO_INCREMENT,
  `brand_name` varchar(255) NOT NULL,
  PRIMARY KEY (`brand_id`)
) ENGINE=InnoDB AUTO_INCREMENT=4 DEFAULT CHARSET=utf8mb4 COLLATE=utf8mb4_0900_ai_ci;
/*!40101 SET character_set_client = @saved_cs_client */;

--
-- Dumping data for table `brand`
--

LOCK TABLES `brand` WRITE;
/*!40000 ALTER TABLE `brand` DISABLE KEYS */;
INSERT INTO `brand` VALUES (1,'Nike'),(2,'Samsung'),(3,'Apple');
/*!40000 ALTER TABLE `brand` ENABLE KEYS */;
UNLOCK TABLES;

--
-- Table structure for table `color`
--

DROP TABLE IF EXISTS `color`;
/*!40101 SET @saved_cs_client     = @@character_set_client */;
/*!50503 SET character_set_client = utf8mb4 */;
CREATE TABLE `color` (
  `color_id` int NOT NULL AUTO_INCREMENT,
  `color_name` varchar(50) NOT NULL,
  PRIMARY KEY (`color_id`)
) ENGINE=InnoDB AUTO_INCREMENT=4 DEFAULT CHARSET=utf8mb4 COLLATE=utf8mb4_0900_ai_ci;
/*!40101 SET character_set_client = @saved_cs_client */;

--
-- Dumping data for table `color`
--

LOCK TABLES `color` WRITE;
/*!40000 ALTER TABLE `color` DISABLE KEYS */;
INSERT INTO `color` VALUES (1,'Red'),(2,'Black'),(3,'White');
/*!40000 ALTER TABLE `color` ENABLE KEYS */;
UNLOCK TABLES;

--
-- Table structure for table `product`
--

DROP TABLE IF EXISTS `product`;
/*!40101 SET @saved_cs_client     = @@character_set_client */;
/*!50503 SET character_set_client = utf8mb4 */;
CREATE TABLE `product` (
  `product_id` int NOT NULL AUTO_INCREMENT,
  `product_name` varchar(255) NOT NULL,
  `brand_id` int DEFAULT NULL,
  `category_id` int DEFAULT NULL,
  `base_price` decimal(10,2) DEFAULT NULL,
  PRIMARY KEY (`product_id`),
  KEY `brand_id` (`brand_id`),
  KEY `category_id` (`category_id`),
  CONSTRAINT `product_ibfk_1` FOREIGN KEY (`brand_id`) REFERENCES `brand` (`brand_id`),
  CONSTRAINT `product_ibfk_2` FOREIGN KEY (`category_id`) REFERENCES `product_category` (`category_id`)
) ENGINE=InnoDB AUTO_INCREMENT=4 DEFAULT CHARSET=utf8mb4 COLLATE=utf8mb4_0900_ai_ci;
/*!40101 SET character_set_client = @saved_cs_client */;

--
-- Dumping data for table `product`
--

LOCK TABLES `product` WRITE;
/*!40000 ALTER TABLE `product` DISABLE KEYS */;
INSERT INTO `product` VALUES (1,'Air Max Sneakers',1,3,120.00),(2,'iPhone 14',3,2,999.99),(3,'Galaxy Buds',2,2,149.99);
/*!40000 ALTER TABLE `product` ENABLE KEYS */;
UNLOCK TABLES;

--
-- Table structure for table `product_attribute`
--

DROP TABLE IF EXISTS `product_attribute`;
/*!40101 SET @saved_cs_client     = @@character_set_client */;
/*!50503 SET character_set_client = utf8mb4 */;
CREATE TABLE `product_attribute` (
  `attribute_id` int NOT NULL AUTO_INCREMENT,
  `product_id` int DEFAULT NULL,
  `attribute_category_id` int DEFAULT NULL,
  `attribute_type_id` int DEFAULT NULL,
  `attribute_name` varchar(255) DEFAULT NULL,
  `attribute_value` varchar(255) DEFAULT NULL,
  PRIMARY KEY (`attribute_id`),
  KEY `product_id` (`product_id`),
  KEY `attribute_category_id` (`attribute_category_id`),
  KEY `attribute_type_id` (`attribute_type_id`),
  CONSTRAINT `product_attribute_ibfk_1` FOREIGN KEY (`product_id`) REFERENCES `product` (`product_id`),
  CONSTRAINT `product_attribute_ibfk_2` FOREIGN KEY (`attribute_category_id`) REFERENCES `attribute_category` (`attribute_category_id`),
  CONSTRAINT `product_attribute_ibfk_3` FOREIGN KEY (`attribute_type_id`) REFERENCES `attribute_type` (`attribute_type_id`)
) ENGINE=InnoDB AUTO_INCREMENT=5 DEFAULT CHARSET=utf8mb4 COLLATE=utf8mb4_0900_ai_ci;
/*!40101 SET character_set_client = @saved_cs_client */;

--
-- Dumping data for table `product_attribute`
--

LOCK TABLES `product_attribute` WRITE;
/*!40000 ALTER TABLE `product_attribute` DISABLE KEYS */;
INSERT INTO `product_attribute` VALUES (1,1,1,1,'Material','Leather'),(2,1,2,2,'Weight','0.8'),(3,2,2,1,'Battery Life','20 hours'),(4,3,2,1,'Noise Cancellation','Yes');
/*!40000 ALTER TABLE `product_attribute` ENABLE KEYS */;
UNLOCK TABLES;

--
-- Table structure for table `product_category`
--

DROP TABLE IF EXISTS `product_category`;
/*!40101 SET @saved_cs_client     = @@character_set_client */;
/*!50503 SET character_set_client = utf8mb4 */;
CREATE TABLE `product_category` (
  `category_id` int NOT NULL AUTO_INCREMENT,
  `category_name` varchar(255) NOT NULL,
  PRIMARY KEY (`category_id`)
) ENGINE=InnoDB AUTO_INCREMENT=4 DEFAULT CHARSET=utf8mb4 COLLATE=utf8mb4_0900_ai_ci;
/*!40101 SET character_set_client = @saved_cs_client */;

--
-- Dumping data for table `product_category`
--

LOCK TABLES `product_category` WRITE;
/*!40000 ALTER TABLE `product_category` DISABLE KEYS */;
INSERT INTO `product_category` VALUES (1,'Clothing'),(2,'Electronics'),(3,'Footwear');
/*!40000 ALTER TABLE `product_category` ENABLE KEYS */;
UNLOCK TABLES;

--
-- Table structure for table `product_image`
--

DROP TABLE IF EXISTS `product_image`;
/*!40101 SET @saved_cs_client     = @@character_set_client */;
/*!50503 SET character_set_client = utf8mb4 */;
CREATE TABLE `product_image` (
  `image_id` int NOT NULL AUTO_INCREMENT,
  `product_id` int DEFAULT NULL,
  `image_url` varchar(500) DEFAULT NULL,
  PRIMARY KEY (`image_id`),
  KEY `product_id` (`product_id`),
  CONSTRAINT `product_image_ibfk_1` FOREIGN KEY (`product_id`) REFERENCES `product` (`product_id`)
) ENGINE=InnoDB AUTO_INCREMENT=4 DEFAULT CHARSET=utf8mb4 COLLATE=utf8mb4_0900_ai_ci;
/*!40101 SET character_set_client = @saved_cs_client */;

--
-- Dumping data for table `product_image`
--

LOCK TABLES `product_image` WRITE;
/*!40000 ALTER TABLE `product_image` DISABLE KEYS */;
INSERT INTO `product_image` VALUES (1,1,'https://example.com/airmax.jpg'),(2,2,'https://example.com/iphone14.jpg'),(3,3,'https://example.com/galaxybuds.jpg');
/*!40000 ALTER TABLE `product_image` ENABLE KEYS */;
UNLOCK TABLES;

--
-- Table structure for table `product_item`
--

DROP TABLE IF EXISTS `product_item`;
/*!40101 SET @saved_cs_client     = @@character_set_client */;
/*!50503 SET character_set_client = utf8mb4 */;
CREATE TABLE `product_item` (
  `item_id` int NOT NULL AUTO_INCREMENT,
  `variation_id` int DEFAULT NULL,
  `quantity` int DEFAULT NULL,
  `price` decimal(10,2) DEFAULT NULL,
  PRIMARY KEY (`item_id`),
  KEY `variation_id` (`variation_id`),
  CONSTRAINT `product_item_ibfk_1` FOREIGN KEY (`variation_id`) REFERENCES `product_variation` (`variation_id`)
) ENGINE=InnoDB AUTO_INCREMENT=5 DEFAULT CHARSET=utf8mb4 COLLATE=utf8mb4_0900_ai_ci;
/*!40101 SET character_set_client = @saved_cs_client */;

--
-- Dumping data for table `product_item`
--

LOCK TABLES `product_item` WRITE;
/*!40000 ALTER TABLE `product_item` DISABLE KEYS */;
INSERT INTO `product_item` VALUES (1,1,50,120.00),(2,2,30,120.00),(3,3,100,999.99),(4,4,70,149.99);
/*!40000 ALTER TABLE `product_item` ENABLE KEYS */;
UNLOCK TABLES;

--
-- Table structure for table `product_variation`
--

DROP TABLE IF EXISTS `product_variation`;
/*!40101 SET @saved_cs_client     = @@character_set_client */;
/*!50503 SET character_set_client = utf8mb4 */;
CREATE TABLE `product_variation` (
  `variation_id` int NOT NULL AUTO_INCREMENT,
  `product_id` int DEFAULT NULL,
  `color_id` int DEFAULT NULL,
  `size_option_id` int DEFAULT NULL,
  PRIMARY KEY (`variation_id`),
  KEY `product_id` (`product_id`),
  KEY `color_id` (`color_id`),
  KEY `size_option_id` (`size_option_id`),
  CONSTRAINT `product_variation_ibfk_1` FOREIGN KEY (`product_id`) REFERENCES `product` (`product_id`),
  CONSTRAINT `product_variation_ibfk_2` FOREIGN KEY (`color_id`) REFERENCES `color` (`color_id`),
  CONSTRAINT `product_variation_ibfk_3` FOREIGN KEY (`size_option_id`) REFERENCES `size_option` (`size_option_id`)
) ENGINE=InnoDB AUTO_INCREMENT=5 DEFAULT CHARSET=utf8mb4 COLLATE=utf8mb4_0900_ai_ci;
/*!40101 SET character_set_client = @saved_cs_client */;

--
-- Dumping data for table `product_variation`
--

LOCK TABLES `product_variation` WRITE;
/*!40000 ALTER TABLE `product_variation` DISABLE KEYS */;
INSERT INTO `product_variation` VALUES (1,1,2,4),(2,1,3,5),(3,2,2,NULL),(4,3,3,NULL);
/*!40000 ALTER TABLE `product_variation` ENABLE KEYS */;
UNLOCK TABLES;

--
-- Table structure for table `size_category`
--

DROP TABLE IF EXISTS `size_category`;
/*!40101 SET @saved_cs_client     = @@character_set_client */;
/*!50503 SET character_set_client = utf8mb4 */;
CREATE TABLE `size_category` (
  `size_category_id` int NOT NULL AUTO_INCREMENT,
  `name` varchar(100) NOT NULL,
  PRIMARY KEY (`size_category_id`)
) ENGINE=InnoDB AUTO_INCREMENT=3 DEFAULT CHARSET=utf8mb4 COLLATE=utf8mb4_0900_ai_ci;
/*!40101 SET character_set_client = @saved_cs_client */;

--
-- Dumping data for table `size_category`
--

LOCK TABLES `size_category` WRITE;
/*!40000 ALTER TABLE `size_category` DISABLE KEYS */;
INSERT INTO `size_category` VALUES (1,'Clothing Size'),(2,'Shoe Size');
/*!40000 ALTER TABLE `size_category` ENABLE KEYS */;
UNLOCK TABLES;

--
-- Table structure for table `size_option`
--

DROP TABLE IF EXISTS `size_option`;
/*!40101 SET @saved_cs_client     = @@character_set_client */;
/*!50503 SET character_set_client = utf8mb4 */;
CREATE TABLE `size_option` (
  `size_option_id` int NOT NULL AUTO_INCREMENT,
  `size_name` varchar(50) NOT NULL,
  `size_category_id` int DEFAULT NULL,
  PRIMARY KEY (`size_option_id`),
  KEY `size_category_id` (`size_category_id`),
  CONSTRAINT `size_option_ibfk_1` FOREIGN KEY (`size_category_id`) REFERENCES `size_category` (`size_category_id`)
) ENGINE=InnoDB AUTO_INCREMENT=6 DEFAULT CHARSET=utf8mb4 COLLATE=utf8mb4_0900_ai_ci;
/*!40101 SET character_set_client = @saved_cs_client */;

--
-- Dumping data for table `size_option`
--

LOCK TABLES `size_option` WRITE;
/*!40000 ALTER TABLE `size_option` DISABLE KEYS */;
INSERT INTO `size_option` VALUES (1,'S',1),(2,'M',1),(3,'L',1),(4,'42',2),(5,'44',2);
/*!40000 ALTER TABLE `size_option` ENABLE KEYS */;
UNLOCK TABLES;
/*!40103 SET TIME_ZONE=@OLD_TIME_ZONE */;

/*!40101 SET SQL_MODE=@OLD_SQL_MODE */;
/*!40014 SET FOREIGN_KEY_CHECKS=@OLD_FOREIGN_KEY_CHECKS */;
/*!40014 SET UNIQUE_CHECKS=@OLD_UNIQUE_CHECKS */;
/*!40101 SET CHARACTER_SET_CLIENT=@OLD_CHARACTER_SET_CLIENT */;
/*!40101 SET CHARACTER_SET_RESULTS=@OLD_CHARACTER_SET_RESULTS */;
/*!40101 SET COLLATION_CONNECTION=@OLD_COLLATION_CONNECTION */;
/*!40111 SET SQL_NOTES=@OLD_SQL_NOTES */;

-- Dump completed on 2025-04-26 14:59:08
